User_ID,Wallet_Address,Action,Transaction_Hash,Timestamp,Network
User_01,GBC7...K9L2,Register_Clinical_Record,3f78c92b4d...88f2,2026-07-16 14:22:10,Testnet
User_02,GDF3...J8A1,Grant_License,a829f01e5c...44a1,2026-07-16 15:01:45,Testnet
User_03,GAX1...M2N5,Register_Clinical_Record,9c42a1b73e...bb29,2026-07-16 16:30:12,Testnet
User_04,GBR4...P9Q3,Revoke_License,e1d92f8a4c...dd11,2026-07-16 17:15:00,Testnet
User_05,GDL9...W4T7,Register_Clinical_Record,7a5b3c9d2f...ee88,2026-07-17 09:10:22,Testnet
User_06,GBM2...K1X8,File_Dispute,2b8c4d1a3e...cc44,2026-07-17 10:45:30,Testnet
User_07,GAN5...L3Y2,Vote_Dispute,5d6e7f8a9b...aa99,2026-07-17 11:20:15,Testnet
User_08,GDP8...J5C4,Register_Clinical_Record,8f9a0b1c2d...ff77,2026-07-17 13:05:45,Testnet
User_09,GBV3...N7B1,Grant_License,1c2d3e4f5a...bb33,2026-07-17 14:50:20,Testnet
User_10,GAZ6...M8V9,Register_Clinical_Record,6e7f8a9b0c...dd55,2026-07-18 08:30:10,Testnet
User_11,GDQ1...H2P6,Grant_License,4a5b6c7d8e...ee11,2026-07-18 09:15:05,Testnet
User_12,GBY5...X4L3,Revoke_License,9b0c1d2e3f...ff22,2026-07-18 10:00:50,Testnet
